raw_cleaned,canonical,reason
HB1,9004,industry-standard equivalent trade number
HB2,9003,industry-standard equivalent trade number
HB3,9005,industry-standard equivalent trade number
HB4,9006,industry-standard equivalent trade number
HB5,9007,industry-standard equivalent trade number
H13,9008,industry-standard equivalent trade number
9140,H10,industry-standard equivalent trade number
9145,H10,industry-standard equivalent trade number
9155,H10,industry-standard equivalent trade number
912,921,industry-standard equivalent trade number
906,921,industry-standard equivalent trade number
168,194,industry-standard equivalent trade number
2825,194,industry-standard equivalent trade number
W5W,194,industry-standard equivalent trade number
4157,3157,industry-standard equivalent trade number
4057,3157,industry-standard equivalent trade number
P21W,1156,industry-standard equivalent trade number
P215W,1157,industry-standard equivalent trade number
PY21W,7507,industry-standard equivalent trade number
HIR1,9011,industry-standard equivalent trade number
HIR2,9012,industry-standard equivalent trade number
