vehicle_id,position,position_raw,bulb_size_raw,bulb_size,flag,note,hintnote
27837,footwell_light,Footwell Light Bulb,LED,,factory_led,,
27837,side_mirror_signal,Side Mirror Signal Light Bulb,LED,,factory_led,,
27837,sun_visor_light,Sun Visor Light Bulb,LED,,factory_led,,
27837,reverse_light,Back Up Light Bulb,LED,,factory_led,,
27837,brake_light,Brake Light Bulb,LED,,factory_led,,
27837,center_high_mount_stop,Center High Mount Stop Light Bulb,LED,,factory_led,,
27837,drl,Daytime Running Light Bulb,LED,,factory_led,,
27837,license_plate,License Plate Light Bulb,LED,,factory_led,,
27837,parking_light,Parking Light Bulb,LED,,factory_led,,
27837,front_side_marker,Side Marker Light Bulb Front,LED,,factory_led,,
27837,tail_light,Tail Light Bulb,LED,,factory_led,,
27837,front_turn_signal,Turn Signal Light Bulb Front,LED,,factory_led,,
27837,rear_turn_signal,Turn Signal Light Bulb Rear,LED,,factory_led,,
27837,fog_light,Fog Light Bulb,LED,,factory_led,,
27837,high_beam,Headlight Bulb High Beam,LED,,factory_led,,
27837,low_beam,Headlight Bulb Low Beam,LED,,factory_led,,
27837,courtesy_step,Courtesy Light Bulb,LED,,factory_led,,
27837,dome_light,Dome Light Bulb,LED,,factory_led,,
27837,glove_box,Glove Box Light Bulb,LED,,factory_led,,
27837,door_light,Interior Door Light Bulb,LED,,factory_led,,
27837,map_light,Map Light Bulb,LED,,factory_led,,
27837,trunk_cargo,Trunk or Cargo Area Light,LED,,factory_led,,
27844,footwell_light,Footwell Light Bulb,LED,,factory_led,,
27844,side_mirror_signal,Side Mirror Signal Light Bulb,LED,,factory_led,,
27844,reverse_light,Back Up Light Bulb,LED,,factory_led,,
27844,brake_light,Brake Light Bulb,LED,,factory_led,,
27844,center_high_mount_stop,Center High Mount Stop Light Bulb,LED,,factory_led,,
27844,drl,Daytime Running Light Bulb,LED,,factory_led,,
27844,license_plate,License Plate Light Bulb,LED,,factory_led,,
27844,parking_light,Parking Light Bulb,LED,,factory_led,,
27844,front_side_marker,Side Marker Light Bulb Front,LED,,factory_led,,
27844,rear_side_marker,Side Marker Light Bulb Rear,LED,,factory_led,,
27844,tail_light,Tail Light Bulb,LED,,factory_led,,
27844,front_turn_signal,Turn Signal Light Bulb Front,LED,,factory_led,,
27844,rear_turn_signal,Turn Signal Light Bulb Rear,LED,,factory_led,,
27844,fog_light,Fog Light Bulb,LED,,factory_led,,
27844,high_beam,Headlight Bulb High Beam,LED,,factory_led,,
27844,low_beam,Headlight Bulb Low Beam,LED,,factory_led,,
27844,dome_light,Dome Light Bulb,LED,,factory_led,,
27844,glove_box,Glove Box Light Bulb,LED,,factory_led,,
27844,map_light,Map Light Bulb,LED,,factory_led,,
28846,reading_light,Reading Light Bulb,LED,,factory_led,,
28846,sun_visor_light,Sun Visor Light Bulb,LED,,factory_led,,
28846,reverse_light,Back Up Light Bulb,LED,,factory_led,,
28846,brake_light,Brake Light Bulb,LED,,factory_led,,
28846,center_high_mount_stop,Center High Mount Stop Light Bulb,LED,,factory_led,,
28846,drl,Daytime Running Light Bulb,LED,,factory_led,,
28846,license_plate,License Plate Light Bulb,LED,,factory_led,,
28846,parking_light,Parking Light Bulb,LED,,factory_led,,
28846,front_side_marker,Side Marker Light Bulb Front,LED,,factory_led,,
28846,rear_side_marker,Side Marker Light Bulb Rear,LED,,factory_led,,
28846,tail_light,Tail Light Bulb,LED,,factory_led,,
28846,front_turn_signal,Turn Signal Light Bulb Front,LED,,factory_led,,
28846,rear_turn_signal,Turn Signal Light Bulb Rear,LED,,factory_led,,
28846,fog_light,Fog Light Bulb,LED,,factory_led,,
28846,high_beam,Headlight Bulb High Beam,LED,,factory_led,,
28846,low_beam,Headlight Bulb Low Beam,LED,,factory_led,,
28846,courtesy_step,Courtesy Light Bulb,LED,,factory_led,,
28846,dome_light,Dome Light Bulb,LED,,factory_led,,
28846,glove_box,Glove Box Light Bulb,LED,,factory_led,,
28846,door_light,Interior Door Light Bulb,LED,,factory_led,,
28846,map_light,Map Light Bulb,LED,,factory_led,,
28846,trunk_cargo,Trunk or Cargo Area Light,LED,,factory_led,,
28907,reverse_light,Back Up Light Bulb,LED,,factory_led,,
28907,brake_light,Brake Light Bulb,LED,,factory_led,,
28907,center_high_mount_stop,Center High Mount Stop Light Bulb,LED,,factory_led,,
28907,drl,Daytime Running Light Bulb,LED,,factory_led,,
28907,license_plate,License Plate Light Bulb,LED,,factory_led,,
28907,parking_light,Parking Light Bulb,LED,,factory_led,,
28907,front_side_marker,Side Marker Light Bulb Front,LED,,factory_led,,
28907,rear_side_marker,Side Marker Light Bulb Rear,LED,,factory_led,,
28907,tail_light,Tail Light Bulb,LED,,factory_led,,
28907,front_turn_signal,Turn Signal Light Bulb Front,LED,,factory_led,,
28907,rear_turn_signal,Turn Signal Light Bulb Rear,LED,,factory_led,,
28907,fog_light,Fog Light Bulb,LED,,factory_led,,
28907,high_beam,Headlight Bulb High Beam,LED,,factory_led,,
28907,low_beam,Headlight Bulb Low Beam,LED,,factory_led,,
28907,courtesy_step,Courtesy Light Bulb,LED,,factory_led,,
28907,dome_light,Dome Light Bulb,LED,,factory_led,,
28907,glove_box,Glove Box Light Bulb,LED,,factory_led,,
28907,map_light,Map Light Bulb,LED,,factory_led,,
28907,trunk_cargo,Trunk or Cargo Area Light,LED,,factory_led,,
29513,reverse_light,Back Up Light Bulb,LED,,factory_led,,
29513,brake_light,Brake Light Bulb,LED,,factory_led,,
29513,center_high_mount_stop,Center High Mount Stop Light Bulb,LED,,factory_led,,
29513,drl,Daytime Running Light Bulb,LED,,factory_led,,
29513,license_plate,License Plate Light Bulb,LED,,factory_led,,
29513,parking_light,Parking Light Bulb,LED,,factory_led,,
29513,front_side_marker,Side Marker Light Bulb Front,LED,,factory_led,,
29513,rear_side_marker,Side Marker Light Bulb Rear,LED,,factory_led,,
29513,tail_light,Tail Light Bulb,LED,,factory_led,,
29513,front_turn_signal,Turn Signal Light Bulb Front,LED,,factory_led,,
29513,rear_turn_signal,Turn Signal Light Bulb Rear,LED,,factory_led,,
29513,fog_light,Fog Light Bulb Front,LED,,factory_led,,
29513,high_low_beam,Headlight Bulb High Beam and Low Beam,LED,,factory_led,,
29513,courtesy_step,Courtesy Light Bulb,LED,,factory_led,,
29513,dome_light,Dome Light Bulb,LED,,factory_led,,
29513,glove_box,Glove Box Light Bulb,LED,,factory_led,,
29513,trunk_cargo,Trunk or Cargo Area Light,LED,,factory_led,,
29524,reading_light,Reading Light Bulb,LED,,factory_led,,
29524,reverse_light,Back Up Light Bulb,LED,,factory_led,,
29524,brake_light,Brake Light Bulb,LED,,factory_led,,
29524,license_plate,License Plate Light Bulb,LED,,factory_led,,
29524,tail_light,Tail Light Bulb,LED,,factory_led,,
29524,fog_light,Fog Light Bulb,LED,,factory_led,,
29524,high_beam,Headlight Bulb High Beam,LED,,factory_led,,
29524,low_beam,Headlight Bulb Low Beam,LED,,factory_led,,
29524,dome_light,Dome Light Bulb,LED,,factory_led,,
29559,reading_light,Reading Light Bulb,2825,194,alias,,
29559,reverse_light,Back Up Light Bulb,921,921,ok,,
29559,brake_light,Brake Light Bulb,7440,7440,ok,with Incandescent Tail Lights,
29559,brake_light,Brake Light Bulb,LED,,factory_led,with LED Tail Lights,
29559,center_high_mount_stop,Center High Mount Stop Light Bulb,LED,,factory_led,,
29559,license_plate,License Plate Light Bulb,2825,194,alias,,
29559,front_side_marker,Side Marker Light Bulb Front,LED,,factory_led,with LED Headlights,
29559,front_side_marker,Side Marker Light Bulb Front,194,194,ok,with Factory Halogen Headlights,
29559,rear_side_marker,Side Marker Light Bulb Rear,LED,,factory_led,with LED Tail Lights,
29559,rear_side_marker,Side Marker Light Bulb Rear,194,194,ok,with Incandescent Tail Lights,
29559,tail_light,Tail Light Bulb,2825,194,alias,with Incandescent Tail Lights,
29559,tail_light,Tail Light Bulb,LED,,factory_led,with LED Tail Lights,
29559,front_turn_signal,Turn Signal Light Bulb Front,LED,,factory_led,with LED Headlights,
29559,front_turn_signal,Turn Signal Light Bulb Front,7444NA,7444NA,ok,with Factory Halogen Headlights,
29559,rear_turn_signal,Turn Signal Light Bulb Rear,7444NA,7444NA,ok,with Incandescent Tail Lights,
29559,high_beam,Headlight Bulb High Beam,LED,,factory_led,with LED Headlights,
29559,high_beam,Headlight Bulb High Beam,9005,9005,ok,with Factory Halogen Headlights,
29559,low_beam,Headlight Bulb Low Beam,H11,H11,ok,with Factory Halogen Headlights,
29570,high_beam,Headlight Bulb High Beam,LED,,factory_led,with LED Headlights,
29570,high_beam,Headlight Bulb High Beam,H9,H9,ok,with Factory Halogen Headlights,
29570,low_beam,Headlight Bulb Low Beam,LED,,factory_led,with LED Headlights,
29570,low_beam,Headlight Bulb Low Beam,H11,H11,ok,with Factory Halogen Headlights,
29588,reverse_light,Back Up Light Bulb,LED,,factory_led,,
29588,brake_light,Brake Light Bulb,LED,,factory_led,,
29588,center_high_mount_stop,Center High Mount Stop Light Bulb,LED,,factory_led,,
29588,front_side_marker,Side Marker Light Bulb Front,194,194,ok,,
29588,rear_side_marker,Side Marker Light Bulb Rear,194,194,ok,,
29588,tail_light,Tail Light Bulb,LED,,factory_led,,
29588,rear_turn_signal,Turn Signal Light Bulb Rear,7444NA,7444NA,ok,,
29588,fog_light,Fog Light Bulb Front,LED,,factory_led,,
29588,high_beam,Headlight Bulb High Beam,H9,H9,ok,,
29588,low_beam,Headlight Bulb Low Beam,H11,H11,ok,,
29824,reading_light,Reading Light Bulb,2825,194,alias,,
29824,reverse_light,Back Up Light Bulb,LED,,factory_led,,
29824,brake_light,Brake Light Bulb,LED,,factory_led,,
29824,center_high_mount_stop,Center High Mount Stop Light Bulb,LED,,factory_led,,
29824,license_plate,License Plate Light Bulb,LED,,factory_led,,
29824,parking_light,Parking Light Bulb,LED,,factory_led,,
29824,front_side_marker,Side Marker Light Bulb Front,LED,,factory_led,,
29824,rear_side_marker,Side Marker Light Bulb Rear,LED,,factory_led,,
29824,tail_light,Tail Light Bulb,LED,,factory_led,,
29824,front_turn_signal,Turn Signal Light Bulb Front,LED,,factory_led,,
29824,rear_turn_signal,Turn Signal Light Bulb Rear,LED,,factory_led,,
29824,fog_light,Fog Light Bulb Front,LED,,factory_led,,
29824,courtesy_step,Courtesy Light Bulb,562,562,ok,,
29824,dome_light,Dome Light Bulb,578,578,ok,,
29824,glove_box,Glove Box Light Bulb,194,194,ok,,
29824,door_light,Interior Door Light Bulb,LED,,factory_led,,
29824,trunk_cargo,Trunk Light Bulb,562,562,ok,,
29841,reverse_light,Back Up Light Bulb,922,922,ok,,
29841,brake_light,Brake Light Bulb,LED,,factory_led,,
29841,center_high_mount_stop,Center High Mount Stop Light Bulb,LED,,factory_led,,
29841,drl,Daytime Running Light Bulb,LED,,factory_led,,
29841,license_plate,License Plate Light Bulb,LED,,factory_led,,
29841,parking_light,Parking Light Bulb,LED,,factory_led,,
29841,front_side_marker,Side Marker Light Bulb Front,LED,,factory_led,,
29841,rear_side_marker,Side Marker Light Bulb Rear,LED,,factory_led,,
29841,tail_light,Tail Light Bulb,LED,,factory_led,,
29841,front_turn_signal,Turn Signal Light Bulb Front,7444NA,7444NA,ok,without LED Turn Signal,
29841,front_turn_signal,Turn Signal Light Bulb Front,LED,,factory_led,with LED Turn Signal,
29841,rear_turn_signal,Turn Signal Light Bulb Rear,LED,,factory_led,,
29841,fog_light,Fog Light Bulb Front,LED,,factory_led,,
29841,high_beam,Headlight Bulb High Beam,LED,,factory_led,,
29841,low_beam,Headlight Bulb Low Beam,LED,,factory_led,,
29841,courtesy_step,Courtesy Light Bulb,906,921,alias,,
29841,trunk_cargo,Trunk or Cargo Area Light,214-2,2142,ok,,
30043,reading_light,Reading Light Bulb,LED,,factory_led,,
30043,side_mirror_signal,Side Mirror Signal Light Bulb,LED,,factory_led,,
30043,sun_visor_light,Sun Visor Light Bulb,LED,,factory_led,,
30043,reverse_light,Back Up Light Bulb,LED,,factory_led,with LED Bulb,
30043,reverse_light,Back Up Light Bulb,WT21W,WT21W,ok,with Incandescent Bulb,
30043,center_high_mount_stop,Center High Mount Stop Light Bulb,LED,,factory_led,,
30043,drl,Daytime Running Light Bulb,LED,,factory_led,,
30043,parking_light,Parking Light Bulb,LED,,factory_led,,
30043,front_side_marker,Side Marker Light Bulb Front,LED,,factory_led,,
30043,tail_light,Tail Light Bulb,LED,,factory_led,,
30043,front_turn_signal,Turn Signal Light Bulb Front,LED,,factory_led,,
30043,rear_turn_signal,Turn Signal Light Bulb Rear,LED,,factory_led,with LED Turn SIgnal,
30043,fog_light,Fog Light Bulb,LED,,factory_led,,
30043,high_beam,Headlight Bulb High Beam,LED,,factory_led,,
30043,low_beam,Headlight Bulb Low Beam,LED,,factory_led,,
30043,courtesy_step,Courtesy Light Bulb,LED,,factory_led,,
30043,dome_light,Dome Light Bulb,LED,,factory_led,,
30043,glove_box,Glove Box Light Bulb,LED,,factory_led,,
30043,door_light,Interior Door Light Bulb,LED,,factory_led,,
30043,map_light,Map Light Bulb,LED,,factory_led,,
30043,trunk_cargo,Trunk or Cargo Area Light,LED,,factory_led,,
30048,side_mirror_signal,Side Mirror Signal Light Bulb,LED,,factory_led,,
30048,reverse_light,Back Up Light Bulb,7440,7440,ok,,
30048,brake_light,Brake Light Bulb,3157,3157,ok,,
30048,center_high_mount_stop,Center High Mount Stop Light Bulb,LED,,factory_led,,
30048,license_plate,License Plate Light Bulb,LED,,factory_led,,
30048,front_side_marker,Side Marker Light Bulb Front,LED,,factory_led,,
30048,rear_side_marker,Side Marker Light Bulb Rear,LED,,factory_led,,
30048,tail_light,Tail Light Bulb,LED,,factory_led,,
30048,rear_turn_signal,Turn Signal Light Bulb Rear,921,921,ok,,
30048,fog_light,Fog Light Bulb,LED,,factory_led,,
30048,high_low_beam,Headlight Bulb High Beam and Low Beam,LED,,factory_led,,
30107,side_mirror_signal,Side Mirror Signal Light Bulb,LED,,factory_led,,
30107,reverse_light,Back Up Light Bulb,LED,,factory_led,,
30107,brake_light,Brake Light Bulb,LED,,factory_led,,
30107,center_high_mount_stop,Center High Mount Stop Light Bulb,LED,,factory_led,,
30107,drl,Daytime Running Light Bulb,LED,,factory_led,,
30107,license_plate,License Plate Light Bulb,2825,194,alias,,
30107,front_side_marker,Side Marker Light Bulb Front,LED,,factory_led,,
30107,tail_light,Tail Light Bulb,LED,,factory_led,,
30107,front_turn_signal,Turn Signal Light Bulb Front,LED,,factory_led,,
30107,rear_turn_signal,Turn Signal Light Bulb Rear,LED,,factory_led,,
30107,fog_light,Fog Light Bulb,LED,,factory_led,,
30107,high_beam,Headlight Bulb High Beam,LED,,factory_led,,
30107,low_beam,Headlight Bulb Low Beam,LED,,factory_led,,
30115,reading_light,Reading Light Bulb,LED,,factory_led,,
30115,side_mirror_signal,Side Mirror Signal Light Bulb,LED,,factory_led,,
30115,reverse_light,Back Up Light Bulb,7440,7440,ok,,
30115,brake_light,Brake Light Bulb,LED,,factory_led,,
30115,center_high_mount_stop,Center High Mount Stop Light Bulb,LED,,factory_led,,
30115,drl,Daytime Running Light Bulb,LED,,factory_led,,
30115,license_plate,License Plate Light Bulb,LED,,factory_led,,
30115,parking_light,Parking Light Bulb,LED,,factory_led,,
30115,front_side_marker,Side Marker Light Bulb Front,LED,,factory_led,,
30115,rear_side_marker,Side Marker Light Bulb Rear,LED,,factory_led,,
30115,tail_light,Tail Light Bulb,LED,,factory_led,,
30115,front_turn_signal,Turn Signal Light Bulb Front,LED,,factory_led,,
30115,rear_turn_signal,Turn Signal Light Bulb Rear,3757A,3757A,ok,,
30115,fog_light,Fog Light Bulb,LED,,factory_led,,
30115,high_beam,Headlight Bulb High Beam,LED,,factory_led,,
30115,low_beam,Headlight Bulb Low Beam,LED,,factory_led,,
30115,dome_light,Dome Light Bulb,LED,,factory_led,,
30115,trunk_cargo,Trunk or Cargo Area Light,LED,,factory_led,,
30127,reverse_light,Back Up Light Bulb,LED,,factory_led,,
30127,brake_light,Brake Light Bulb,LED,,factory_led,with LED Tail Lights,
30127,center_high_mount_stop,Center High Mount Stop Light Bulb,LED,,factory_led,with LED Center High Mount Stop Light,
30127,center_high_mount_stop,Center High Mount Stop Light Bulb,921,921,ok,without LED Center High Mount Stop Light,
30127,drl,Daytime Running Light Bulb,LED,,factory_led,,
30127,license_plate,License Plate Light Bulb,LED,,factory_led,with LED Bulb,
30127,license_plate,License Plate Light Bulb,2825,194,alias,with Incandescent Bulb,
30127,parking_light,Parking Light Bulb,LED,,factory_led,,
30127,front_side_marker,Side Marker Light Bulb Front,LED,,factory_led,with LED Bulb,
30127,front_side_marker,Side Marker Light Bulb Front,2825,194,alias,with Incandescent Bulb,
30127,rear_side_marker,Side Marker Light Bulb Rear,LED,,factory_led,with LED Bulb,
30127,tail_light,Tail Light Bulb,LED,,factory_led,with LED Tail Lights,
30127,front_turn_signal,Turn Signal Light Bulb Front,LED,,factory_led,,
30127,fog_light,Fog Light Bulb,LED,,factory_led,,
30127,high_low_beam,Headlight Bulb High Beam and Low Beam,LED,,factory_led,,
30127,courtesy_step,Courtesy Light Bulb,LED,,factory_led,,
30127,dome_light,Dome Light Bulb,LED,,factory_led,,
30127,trunk_cargo,Trunk or Cargo Area Light,LED,,factory_led,,
30230,footwell_light,Footwell Light Bulb,LED,,factory_led,,
30230,reading_light,Reading Light Bulb,LED,,factory_led,,
30230,sun_visor_light,Sun Visor Light Bulb,LED,,factory_led,,
30230,reverse_light,Back Up Light Bulb,WT21W,WT21W,ok,,
30230,center_high_mount_stop,Center High Mount Stop Light Bulb,912,921,alias,,
30230,license_plate,License Plate Light Bulb,LED,,factory_led,,
30230,front_side_marker,Side Marker Light Bulb Front,2825,194,alias,,
30230,rear_side_marker,Side Marker Light Bulb Rear,LED,,factory_led,with LED Bulb,
30230,front_turn_signal,Turn Signal Light Bulb Front,4257NA,4257NA,ok,,
30230,high_beam,Headlight Bulb High Beam,LED,,factory_led,,
30230,low_beam,Headlight Bulb Low Beam,LED,,factory_led,,
30230,courtesy_step,Courtesy Light Bulb,LED,,factory_led,,
30230,dome_light,Dome Light Bulb,LED,,factory_led,,
30230,glove_box,Glove Box Light Bulb,LED,,factory_led,,
30230,door_light,Interior Door Light Bulb,LED,,factory_led,,
30230,map_light,Map Light Bulb,LED,,factory_led,,
30230,trunk_cargo,Trunk or Cargo Area Light,LED,,factory_led,,
30238,reverse_light,Back Up Light Bulb,LED,,factory_led,,
30238,brake_light,Brake Light Bulb,LED,,factory_led,,
30238,drl,Daytime Running Light Bulb,LED,,factory_led,,
30238,license_plate,License Plate Light Bulb,LED,,factory_led,,
30238,front_side_marker,Side Marker Light Bulb Front,LED,,factory_led,,
30238,rear_side_marker,Side Marker Light Bulb Rear,LED,,factory_led,,
30238,tail_light,Tail Light Bulb,LED,,factory_led,,
30238,front_turn_signal,Turn Signal Light Bulb Front,LED,,factory_led,,
30238,rear_turn_signal,Turn Signal Light Bulb Rear,LED,,factory_led,,
30238,fog_light,Fog Light Bulb,LED,,factory_led,,
30238,high_beam,Headlight Bulb High Beam,LED,,factory_led,,
30238,low_beam,Headlight Bulb Low Beam,LED,,factory_led,,
30238,dome_light,Dome Light Bulb,LED,,factory_led,,
30238,glove_box,Glove Box Light Bulb,LED,,factory_led,,
30238,map_light,Map Light Bulb,LED,,factory_led,,
30238,trunk_cargo,Trunk or Cargo Area Light,LED,,factory_led,,
30254,drl,Daytime Running Light Bulb,LED,,factory_led,with LED Daytime Running Lights (DRL),
30572,reverse_light,Back Up Light Bulb,LED,,factory_led,,
30572,brake_light,Brake Light Bulb,LED,,factory_led,,
30572,center_high_mount_stop,Center High Mount Stop Light Bulb,LED,,factory_led,,
30572,license_plate,License Plate Light Bulb,LED,,factory_led,,
30572,tail_light,Tail Light Bulb,LED,,factory_led,,
30572,trunk_cargo,Trunk or Cargo Area Light,LED,,factory_led,,
31842,reverse_light,Back Up Light Bulb,LED,,factory_led,,
31842,brake_light,Brake Light Bulb,LED,,factory_led,,
31842,center_high_mount_stop,Center High Mount Stop Light Bulb,LED,,factory_led,,
31842,drl,Daytime Running Light Bulb,LED,,factory_led,,
31842,license_plate,License Plate Light Bulb,LED,,factory_led,,
31842,parking_light,Parking Light Bulb,LED,,factory_led,,
31842,front_side_marker,Side Marker Light Bulb Front,LED,,factory_led,,
31842,rear_side_marker,Side Marker Light Bulb Rear,LED,,factory_led,,
31842,tail_light,Tail Light Bulb,LED,,factory_led,,
31842,front_turn_signal,Turn Signal Light Bulb Front,LED,,factory_led,,
31842,rear_turn_signal,Turn Signal Light Bulb Rear,LED,,factory_led,,
31842,high_low_beam,Headlight Bulb High Beam and Low Beam,LED,,factory_led,,
31842,courtesy_step,Courtesy Light Bulb,LED,,factory_led,,
31842,dome_light,Dome Light Bulb,LED,,factory_led,,
31842,trunk_cargo,Trunk or Cargo Area Light,LED,,factory_led,,
31920,footwell_light,Footwell Light Bulb,LED,,factory_led,,
31920,side_mirror_signal,Side Mirror Signal Light Bulb,LED,,factory_led,,
31920,reverse_light,Back Up Light Bulb,921,921,ok,,
31920,brake_light,Brake Light Bulb,LED,,factory_led,,
31920,center_high_mount_stop,Center High Mount Stop Light Bulb,LED,,factory_led,with LED Bulb,
31920,center_high_mount_stop,Center High Mount Stop Light Bulb,7440,7440,ok,with Incandescent Bulb,
31920,drl,Daytime Running Light Bulb,LED,,factory_led,,
31920,license_plate,License Plate Light Bulb,LED,,factory_led,,
31920,parking_light,Parking Light Bulb,LED,,factory_led,,
31920,front_side_marker,Side Marker Light Bulb Front,LED,,factory_led,,
31920,rear_side_marker,Side Marker Light Bulb Rear,LED,,factory_led,,
31920,tail_light,Tail Light Bulb,LED,,factory_led,,
31920,front_turn_signal,Turn Signal Light Bulb Front,LED,,factory_led,,
31920,rear_turn_signal,Turn Signal Light Bulb Rear,7440A,7440A,ok,,
31920,high_beam,Headlight Bulb High Beam,LED,,factory_led,,
31920,low_beam,Headlight Bulb Low Beam,LED,,factory_led,,
31920,courtesy_step,Courtesy Light Bulb,LED,,factory_led,,
31920,dome_light,Dome Light Bulb,LED,,factory_led,,
31920,glove_box,Glove Box Light Bulb,LED,,factory_led,,
31920,map_light,Map Light Bulb,LED,,factory_led,,
31920,trunk_cargo,Trunk or Cargo Area Light,194,194,ok,,
31950,side_mirror_signal,Side Mirror Signal Light Bulb,LED,,factory_led,,
31950,reverse_light,Back Up Light Bulb,LED,,factory_led,,
31950,brake_light,Brake Light Bulb,LED,,factory_led,,
31950,center_high_mount_stop,Center High Mount Stop Light Bulb,LED,,factory_led,,
31950,drl,Daytime Running Light Bulb,LED,,factory_led,,
31950,license_plate,License Plate Light Bulb,LED,,factory_led,,
31950,parking_light,Parking Light Bulb,LED,,factory_led,,
31950,front_side_marker,Side Marker Light Bulb Front,LED,,factory_led,,
31950,rear_side_marker,Side Marker Light Bulb Rear,LED,,factory_led,,
31950,tail_light,Tail Light Bulb,LED,,factory_led,,
31950,front_turn_signal,Turn Signal Light Bulb Front,LED,,factory_led,,
31950,rear_turn_signal,Turn Signal Light Bulb Rear,7440A,7440A,ok,,
31950,high_beam,Headlight Bulb High Beam,LED,,factory_led,,
31950,low_beam,Headlight Bulb Low Beam,LED,,factory_led,,
31950,dome_light,Dome Light Bulb,LED,,factory_led,,
31950,map_light,Map Light Bulb,LED,,factory_led,,
31950,trunk_cargo,Trunk or Cargo Area Light,LED,,factory_led,,
32017,side_mirror_signal,Side Mirror Signal Light Bulb,LED,,factory_led,,
32017,reverse_light,Back Up Light Bulb,LED,,factory_led,,
32017,brake_light,Brake Light Bulb,LED,,factory_led,,
32017,center_high_mount_stop,Center High Mount Stop Light Bulb,LED,,factory_led,,
32017,drl,Daytime Running Light Bulb,LED,,factory_led,,
32017,license_plate,License Plate Light Bulb,LED,,factory_led,,
32017,parking_light,Parking Light Bulb,LED,,factory_led,,
32017,tail_light,Tail Light Bulb,LED,,factory_led,,
32017,front_turn_signal,Turn Signal Light Bulb Front,LED,,factory_led,,
32017,rear_turn_signal,Turn Signal Light Bulb Rear,LED,,factory_led,,
32017,high_beam,Headlight Bulb High Beam,LED,,factory_led,,
32017,low_beam,Headlight Bulb Low Beam,LED,,factory_led,,
32017,map_light,Map Light Bulb,LED,,factory_led,,
32017,trunk_cargo,Trunk or Cargo Area Light,LED,,factory_led,,
32054,side_mirror_signal,Side Mirror Signal Light Bulb,LED,,factory_led,,
32054,reverse_light,Back Up Light Bulb,7440,7440,ok,,
32054,brake_light,Brake Light Bulb,7440,7440,ok,,
32054,center_high_mount_stop,Center High Mount Stop Light Bulb,LED,,factory_led,,
32054,drl,Daytime Running Light Bulb,LED,,factory_led,,
32054,license_plate,License Plate Light Bulb,LED,,factory_led,,
32054,parking_light,Parking Light Bulb,LED,,factory_led,,
32054,front_side_marker,Side Marker Light Bulb Front,168,194,alias,,
32054,rear_side_marker,Side Marker Light Bulb Rear,LED,,factory_led,,
32054,courtesy_step,Stepwell Light Bulb,LED,,factory_led,,
32054,tail_light,Tail Light Bulb,LED,,factory_led,,
32054,front_turn_signal,Turn Signal Light Bulb Front,7444NA,7444NA,ok,,
32054,rear_turn_signal,Turn Signal Light Bulb Rear,7440,7440,ok,,
32054,fog_light,Fog Light Bulb,LED,,factory_led,,
32054,high_beam,Headlight Bulb High Beam,LED,,factory_led,,
32054,low_beam,Headlight Bulb Low Beam,LED,,factory_led,,
32054,door_light,Interior Door Light Bulb,LED,,factory_led,,
32054,map_light,Map Light Bulb,2825,194,alias,,
32054,trunk_cargo,Trunk or Cargo Area Light,DE3175,DE3175,ok,,
32074,footwell_light,Footwell Light Bulb,LED,,factory_led,,
32074,side_mirror_signal,Side Mirror Signal Light Bulb,LED,,factory_led,,
32074,reverse_light,Back Up Light Bulb,7440,7440,ok,,
32074,brake_light,Brake Light Bulb,LED,,factory_led,,
32074,center_high_mount_stop,Center High Mount Stop Light Bulb,LED,,factory_led,,
32074,drl,Daytime Running Light Bulb,LED,,factory_led,,
32074,license_plate,License Plate Light Bulb,LED,,factory_led,,
32074,parking_light,Parking Light Bulb,LED,,factory_led,,
32074,front_side_marker,Side Marker Light Bulb Front,LED,,factory_led,,
32074,rear_side_marker,Side Marker Light Bulb Rear,LED,,factory_led,,
32074,tail_light,Tail Light Bulb,LED,,factory_led,,
32074,front_turn_signal,Turn Signal Light Bulb Front,LED,,factory_led,,
32074,rear_turn_signal,Turn Signal Light Bulb Rear,7440A,7440A,ok,,
32074,fog_light,Fog Light Bulb,LED,,factory_led,,
32074,high_beam,Headlight Bulb High Beam,LED,,factory_led,,
32074,low_beam,Headlight Bulb Low Beam,LED,,factory_led,,
32074,courtesy_step,Courtesy Light Bulb,LED,,factory_led,,
32074,dome_light,Dome Light Bulb,LED,,factory_led,,
32074,glove_box,Glove Box Light Bulb,LED,,factory_led,,
32074,map_light,Map Light Bulb,LED,,factory_led,,
32074,trunk_cargo,Trunk or Cargo Area Light,LED,,factory_led,,
32320,reverse_light,Back Up Light Bulb,921,921,ok,,
32320,brake_light,Brake Light Bulb,LED,,factory_led,,
32320,center_high_mount_stop,Center High Mount Stop Light Bulb,LED,,factory_led,,
32320,drl,Daytime Running Light Bulb,LED,,factory_led,,
32320,license_plate,License Plate Light Bulb,LED,,factory_led,,
32320,parking_light,Parking Light Bulb,LED,,factory_led,,
32320,front_side_marker,Side Marker Light Bulb Front,LED,,factory_led,,
32320,rear_side_marker,Side Marker Light Bulb Rear,LED,,factory_led,,
32320,tail_light,Tail Light Bulb,LED,,factory_led,,
32320,front_turn_signal,Turn Signal Light Bulb Front,LED,,factory_led,,
32320,rear_turn_signal,Turn Signal Light Bulb Rear,LED,,factory_led,,
32320,high_beam,Headlight Bulb High Beam,LED,,factory_led,,
32320,low_beam,Headlight Bulb Low Beam,LED,,factory_led,,
32320,dome_light,Dome Light Bulb,LED,,factory_led,,
32320,glove_box,Glove Box Light Bulb,LED,,factory_led,,
32320,map_light,Map Light Bulb,LED,,factory_led,,
32320,trunk_cargo,Trunk or Cargo Area Light,LED,,factory_led,,
32343,reverse_light,Back Up Light Bulb,921,921,ok,,
32343,center_high_mount_stop,Center High Mount Stop Light Bulb,LED,,factory_led,,
32343,drl,Daytime Running Light Bulb,LED,,factory_led,,
32343,license_plate,License Plate Light Bulb,LED,,factory_led,with LED Bulb,
32343,license_plate,License Plate Light Bulb,2825,194,alias,with Incandescent Bulb,
32343,parking_light,Parking Light Bulb,LED,,factory_led,,
32343,front_side_marker,Side Marker Light Bulb Front,LED,,factory_led,,
32343,rear_side_marker,Side Marker Light Bulb Rear,LED,,factory_led,with LED Bulb,
32343,rear_side_marker,Side Marker Light Bulb Rear,7507,7507,ok,with Incandescent Bulb,
32343,front_turn_signal,Turn Signal Light Bulb Front,LED,,factory_led,,
32343,rear_turn_signal,Turn Signal Light Bulb Rear,7507,7507,ok,,
32343,high_beam,Headlight Bulb High Beam,LED,,factory_led,,
32343,low_beam,Headlight Bulb Low Beam,LED,,factory_led,,
32343,dome_light,Dome Light Bulb,LED,,factory_led,,
32343,glove_box,Glove Box Light Bulb,2825,194,alias,,
32343,map_light,Map Light Bulb,LED,,factory_led,,
32343,trunk_cargo,Trunk or Cargo Area Light,LED,,factory_led,,
32766,reverse_light,Back Up Light Bulb,7440,7440,ok,,
32766,brake_light,Brake Light Bulb,7443,7443,ok,with Incandescent Tail Lights,
32766,brake_light,Brake Light Bulb,LED,,factory_led,with LED Tail Lights,
32766,center_high_mount_stop,Center High Mount Stop Light Bulb,LED,,factory_led,,
32766,license_plate,License Plate Light Bulb,LED,,factory_led,,
32766,tail_light,Tail Light Bulb,7443,7443,ok,with Incandescent Tail Lights,
32766,tail_light,Tail Light Bulb,LED,,factory_led,with LED Tail Lights,
32766,fog_light,Fog Light Bulb,H11,H11,ok,with Base Trim,
32766,fog_light,Fog Light Bulb,LED,,factory_led,with Upper Trim,
32772,reverse_light,Back Up Light Bulb,LED,,factory_led,with LED Tail Lights,
32772,reverse_light,Back Up Light Bulb,7440,7440,ok,with Incandescent Tail Lights,
32772,brake_light,Brake Light Bulb,3157,3157,ok,with Incandescent Tail Lights,
32772,brake_light,Brake Light Bulb,LED,,factory_led,with LED Tail Lights,
32772,center_high_mount_stop,Center High Mount Stop Light Bulb,LED,,factory_led,,
32772,drl,Daytime Running Light Bulb,7443,7443,ok,with Base Trim,
32772,license_plate,License Plate Light Bulb,LED,,factory_led,,
32772,parking_light,Parking Light Bulb,LED,,factory_led,with Premium Package,
32772,parking_light,Parking Light Bulb,7443,7443,ok,with Base Trim,
32772,parking_light,Parking Light Bulb,7442NA,7442NA,ok,with Sport Package,
32772,front_side_marker,Side Marker Light Bulb Front,LED,,factory_led,,
32772,rear_side_marker,Side Marker Light Bulb Rear,LED,,factory_led,,
32772,tail_light,Tail Light Bulb,3157,3157,ok,with Incandescent Tail Lights,
32772,tail_light,Tail Light Bulb,LED,,factory_led,with LED Tail Lights,
32772,front_turn_signal,Turn Signal Light Bulb Front,LED,,factory_led,with Premium Package,
32772,front_turn_signal,Turn Signal Light Bulb Front,7440NA,7440NA,ok,with Base Trim,
32772,front_turn_signal,Turn Signal Light Bulb Front,7442NA,7442NA,ok,with Sport Package,
32772,rear_turn_signal,Turn Signal Light Bulb Rear,3157,3157,ok,with Incandescent Tail Lights,
32772,rear_turn_signal,Turn Signal Light Bulb Rear,LED,,factory_led,with LED Tail Lights,
32772,fog_light,Fog Light Bulb,LED,,factory_led,with LED Headlights,
32772,fog_light,Fog Light Bulb,2504,2504,ok,with Factory Halogen Headlights,
32772,high_low_beam,Headlight Bulb High Beam and Low Beam,LED,,factory_led,with LED Headlights,
32772,high_low_beam,Headlight Bulb High Beam and Low Beam,H13,9008,alias,with Factory Halogen Headlights,
33491,reverse_light,Back Up Light Bulb,921,921,ok,,
33491,brake_light,Brake Light Bulb,7528,7528,ok,with Incandescent Tail Lights,
33491,brake_light,Brake Light Bulb,LED,,factory_led,with LED Tail Lights,
33491,center_high_mount_stop,Center High Mount Stop Light Bulb,LED,,factory_led,,
33491,drl,Daytime Running Light Bulb,LED,,factory_led,,
33491,license_plate,License Plate Light Bulb,2825,194,alias,,
33491,parking_light,Parking Light Bulb,LED,,factory_led,,
33491,tail_light,Tail Light Bulb,LED,,factory_led,with LED Tail Lights,
33491,tail_light,Tail Light Bulb,2825,194,alias,with Incandescent Tail Lights,
33491,front_turn_signal,Turn Signal Light Bulb Front,LED,,factory_led,with LED Headlights,
33491,front_turn_signal,Turn Signal Light Bulb Front,7507,7507,ok,with Factory Halogen Headlights,
33491,rear_turn_signal,Turn Signal Light Bulb Rear,LED,,factory_led,,
33491,fog_light,Fog Light Bulb Front,LED,,factory_led,,
33491,high_beam,Headlight Bulb High Beam,LED,,factory_led,,
33491,low_beam,Headlight Bulb Low Beam,LED,,factory_led,,
33491,dome_light,Dome Light Bulb,6461,6461,ok,,
33491,map_light,Map Light Bulb,LED,,factory_led,with LED Map Light,
33491,map_light,Map Light Bulb,6461,6461,ok,without LED Map Light,
36693,reading_light,Reading Light Bulb,LED,,factory_led,,
36693,reverse_light,Back Up Light Bulb,LED,,factory_led,,
36693,brake_light,Brake Light Bulb,LED,,factory_led,,
36693,center_high_mount_stop,Center High Mount Stop Light Bulb,LED,,factory_led,,
36693,drl,Daytime Running Light Bulb,LED,,factory_led,,
36693,license_plate,License Plate Light Bulb,LED,,factory_led,,
36693,parking_light,Parking Light Bulb,7444NA,7444NA,ok,without LED Parking Lights,
36693,parking_light,Parking Light Bulb,LED,,factory_led,with LED Parking Lights,
36693,front_side_marker,Side Marker Light Bulb Front,LED,,factory_led,,
36693,rear_side_marker,Side Marker Light Bulb Rear,LED,,factory_led,,
36693,tail_light,Tail Light Bulb,LED,,factory_led,,
36693,front_turn_signal,Turn Signal Light Bulb Front,7444NA,7444NA,ok,without LED Turn SIgnal,
36693,front_turn_signal,Turn Signal Light Bulb Front,LED,,factory_led,with LED Turn SIgnal,
36693,rear_turn_signal,Turn Signal Light Bulb Rear,LED,,factory_led,,
36693,fog_light,Fog Light Bulb,LED,,factory_led,,
36693,high_beam,Headlight Bulb High Beam,LED,,factory_led,,
36693,low_beam,Headlight Bulb Low Beam,LED,,factory_led,,
36693,dome_light,Dome Light Bulb,LED,,factory_led,,
36710,reverse_light,Back Up Light Bulb,LED,,factory_led,with LED Headlights,
36710,reverse_light,Back Up Light Bulb,921,921,ok,with Bi-LED Headlights,
36710,brake_light,Brake Light Bulb,LED,,factory_led,,
36710,center_high_mount_stop,Center High Mount Stop Light Bulb,LED,,factory_led,,
36710,drl,Daytime Running Light Bulb,LED,,factory_led,,
36710,license_plate,License Plate Light Bulb,LED,,factory_led,,
36710,parking_light,Parking Light Bulb,LED,,factory_led,,
36710,front_side_marker,Side Marker Light Bulb Front,LED,,factory_led,,
36710,rear_side_marker,Side Marker Light Bulb Rear,LED,,factory_led,,
36710,tail_light,Tail Light Bulb,LED,,factory_led,,
36710,front_turn_signal,Turn Signal Light Bulb Front,LED,,factory_led,with LED Headlights,
36710,front_turn_signal,Turn Signal Light Bulb Front,7444NA,7444NA,ok,with Factory Halogen Headlights,
36710,rear_turn_signal,Turn Signal Light Bulb Rear,7440A,7440A,ok,without LED Tail Lights,
36710,rear_turn_signal,Turn Signal Light Bulb Rear,LED,,factory_led,with LED Tail Lights,
36710,fog_light,Fog Light Bulb Front,LED,,factory_led,,
36710,high_low_beam,Headlight Bulb High Beam and Low Beam,LED,,factory_led,,
36710,courtesy_step,Courtesy Light Bulb,LED,,factory_led,,
36710,dome_light,Dome Light Bulb,LED,,factory_led,,
36710,glove_box,Glove Box Light Bulb,LED,,factory_led,,
36710,trunk_cargo,Trunk or Cargo Area Light,LED,,factory_led,,
36718,license_plate,License Plate Light,LED,,factory_led,,
36718,side_mirror_signal,Side Mirror Signal Light Bulb,LED,,factory_led,,
36718,reverse_light,Back Up Light Bulb,921,921,ok,,
36718,brake_light,Brake Light Bulb,LED,,factory_led,,
36718,center_high_mount_stop,Center High Mount Stop Light Bulb,LED,,factory_led,,
36718,drl,Daytime Running Light Bulb,LED,,factory_led,,
36718,parking_light,Parking Light Bulb,7444NA,7444NA,ok,without LED Parking Lights,
36718,parking_light,Parking Light Bulb,LED,,factory_led,with LED Parking Lights,
36718,front_side_marker,Side Marker Light Bulb Front,LED,,factory_led,with LED Bulb,
36718,front_side_marker,Side Marker Light Bulb Front,194,194,ok,with Incandescent Bulb,
36718,rear_side_marker,Side Marker Light Bulb Rear,LED,,factory_led,with LED Bulb,
36718,rear_side_marker,Side Marker Light Bulb Rear,194,194,ok,with Incandescent Bulb,
36718,tail_light,Tail Light Bulb,LED,,factory_led,,
36718,front_turn_signal,Turn Signal Light Bulb Front,7444NA,7444NA,ok,without LED Turn Signal,
36718,front_turn_signal,Turn Signal Light Bulb Front,LED,,factory_led,with LED Turn Signal,
36718,rear_turn_signal,Turn Signal Light Bulb Rear,7440A,7440A,ok,,
36718,high_beam,Headlight Bulb High Beam,LED,,factory_led,,
36718,low_beam,Headlight Bulb Low Beam,LED,,factory_led,,
36718,dome_light,Dome Light Bulb,LED,,factory_led,,
36718,glove_box,Glove Box Light Bulb,2721,2721,ok,,
36718,map_light,Map Light Bulb,LED,,factory_led,,
36718,trunk_cargo,Trunk or Cargo Area Light,194,194,ok,,
