kind,vehicle_id,year,make,model,detail
unmapped_position,27844,2025,Acura,MDX,use_name='Puddle Light Bulb' group=''
unmapped_position,29559,2025,Chevrolet,Malibu,use_name='Turn Signal Light Bulb' group=''
unmapped_position,29841,2025,Dodge,Durango,use_name='Instrument Panel Light Bulb' group='Interior Lighting'
ambiguous_bulb,30043,2025,Ford,Bronco,position='Brake Light Bulb' compound oepn='WT21W/7W'
ambiguous_bulb,30043,2025,Ford,Bronco,position='Side Marker Light Bulb Rear' compound oepn='WT21W/7W'
ambiguous_bulb,30043,2025,Ford,Bronco,position='Turn Signal Light Bulb Rear' compound oepn='WT21W/7W'
unmapped_position,30127,2025,Ford,F-150,use_name='Turn Signal Light Bulb' group=''
ambiguous_bulb,30127,2025,Ford,F-150,position='Brake Light Bulb' compound oepn='WT21W/7W'
ambiguous_bulb,30127,2025,Ford,F-150,position='Side Marker Light Bulb Rear' compound oepn='WT21W/7W'
ambiguous_bulb,30127,2025,Ford,F-150,position='Tail Light Bulb' compound oepn='WT21W/7W'
ambiguous_bulb,30127,2025,Ford,F-150,position='Turn Signal Light Bulb Front' compound oepn='WT21W/7W'
unmapped_position,30230,2025,Ford,Maverick,use_name='Puddle Light Bulb' group=''
ambiguous_bulb,30230,2025,Ford,Maverick,position='Brake Light Bulb' compound oepn='WT21/7W'
ambiguous_bulb,30230,2025,Ford,Maverick,position='Side Marker Light Bulb Rear' compound oepn='WT21/7W'
ambiguous_bulb,30230,2025,Ford,Maverick,position='Tail Light Bulb' compound oepn='WT21/7W'
ambiguous_bulb,30230,2025,Ford,Maverick,position='Turn Signal Light Bulb Rear' compound oepn='WT21/7W'
unmapped_position,30230,2025,Ford,Maverick,use_name='Automatic Transmission Indicator Light Bulb' group='Interior Lighting'
unmapped_position,30230,2025,Ford,Maverick,use_name='Engine Compartment Light Bulb' group='Interior Lighting'
unmapped_position,30230,2025,Ford,Maverick,use_name='Instrument Panel Light Bulb' group='Interior Lighting'
unmapped_position,30238,2025,Ford,Mustang,use_name='Parking Light Bulb Front' group=''
unmapped_position,30254,2025,Ford,Ranger,use_name='Center High Mount Cargo Light Bulb' group=''
unmapped_position,30572,2025,GMC,Sierra 1500,use_name='Turn Signal Light Bulb' group=''
unmapped_position,32017,2025,Honda,HR-V,use_name='Side Marker Light Bulb' group=''
unmapped_position,32054,2025,Honda,Odyssey,use_name='Instrument Panel Light Bulb' group='Interior Lighting'
unmapped_position,32074,2025,Honda,Pilot,use_name='Puddle Light Bulb' group=''
unmapped_position,32074,2025,Honda,Pilot,use_name='Instrument Panel Light Bulb' group='Interior Lighting'
ambiguous_bulb,32343,2025,Hyundai,Tucson,position='Brake Light Bulb' unexpected chars oepn='7528|LED'
ambiguous_bulb,32343,2025,Hyundai,Tucson,position='Tail Light Bulb' unexpected chars oepn='7528|LED'
unmapped_position,32766,2025,Jeep,Compass,use_name='Turn Signal Light Bulb' group=''
unmapped_position,33491,2025,Kia,K5,use_name='Luggage Compartment Light Bulb' group='Interior Lighting'
