vehicle_id,year,make,model,trim,source
27837,2025,Acura,Integra,,sylvania-automotive.com bulb finder (crawled 2026-09-24)
27844,2025,Acura,MDX,,sylvania-automotive.com bulb finder (crawled 2026-09-24)
28846,2025,BMW,X5,,sylvania-automotive.com bulb finder (crawled 2026-09-24)
28907,2025,Cadillac,CT5,,sylvania-automotive.com bulb finder (crawled 2026-09-24)
29513,2025,Chevrolet,Corvette,,sylvania-automotive.com bulb finder (crawled 2026-09-24)
29524,2025,Chevrolet,Equinox,,sylvania-automotive.com bulb finder (crawled 2026-09-24)
29559,2025,Chevrolet,Malibu,,sylvania-automotive.com bulb finder (crawled 2026-09-24)
29570,2025,Chevrolet,Silverado 1500,,sylvania-automotive.com bulb finder (crawled 2026-09-24)
29588,2025,Chevrolet,Silverado 3500 HD,,sylvania-automotive.com bulb finder (crawled 2026-09-24)
29824,2025,Dodge,Charger,,sylvania-automotive.com bulb finder (crawled 2026-09-24)
29841,2025,Dodge,Durango,,sylvania-automotive.com bulb finder (crawled 2026-09-24)
30043,2025,Ford,Bronco,,sylvania-automotive.com bulb finder (crawled 2026-09-24)
30048,2025,Ford,Bronco Sport,,sylvania-automotive.com bulb finder (crawled 2026-09-24)
30107,2025,Ford,Expedition,,sylvania-automotive.com bulb finder (crawled 2026-09-24)
30115,2025,Ford,Explorer,,sylvania-automotive.com bulb finder (crawled 2026-09-24)
30127,2025,Ford,F-150,,sylvania-automotive.com bulb finder (crawled 2026-09-24)
30230,2025,Ford,Maverick,,sylvania-automotive.com bulb finder (crawled 2026-09-24)
30238,2025,Ford,Mustang,,sylvania-automotive.com bulb finder (crawled 2026-09-24)
30254,2025,Ford,Ranger,,sylvania-automotive.com bulb finder (crawled 2026-09-24)
30572,2025,GMC,Sierra 1500,,sylvania-automotive.com bulb finder (crawled 2026-09-24)
31842,2025,Honda,Accord,,sylvania-automotive.com bulb finder (crawled 2026-09-24)
31920,2025,Honda,Civic,,sylvania-automotive.com bulb finder (crawled 2026-09-24)
31950,2025,Honda,CR-V,,sylvania-automotive.com bulb finder (crawled 2026-09-24)
32017,2025,Honda,HR-V,,sylvania-automotive.com bulb finder (crawled 2026-09-24)
32054,2025,Honda,Odyssey,,sylvania-automotive.com bulb finder (crawled 2026-09-24)
32074,2025,Honda,Pilot,,sylvania-automotive.com bulb finder (crawled 2026-09-24)
32320,2025,Hyundai,Santa Fe,,sylvania-automotive.com bulb finder (crawled 2026-09-24)
32343,2025,Hyundai,Tucson,,sylvania-automotive.com bulb finder (crawled 2026-09-24)
32766,2025,Jeep,Compass,,sylvania-automotive.com bulb finder (crawled 2026-09-24)
32772,2025,Jeep,Gladiator,,sylvania-automotive.com bulb finder (crawled 2026-09-24)
33491,2025,Kia,K5,,sylvania-automotive.com bulb finder (crawled 2026-09-24)
36693,2025,Toyota,4Runner,,sylvania-automotive.com bulb finder (crawled 2026-09-24)
36710,2025,Toyota,Camry,,sylvania-automotive.com bulb finder (crawled 2026-09-24)
36718,2025,Toyota,Corolla,,sylvania-automotive.com bulb finder (crawled 2026-09-24)
